{"cameraMode":{"drawMode":0,"name":"Shaded","section":"Shading Mode"},"sceneLighting":false,"audioPlay":false,"sceneViewState":{"showFog":true,"showMaterialUpdate":true,"showSkybox":true,"showFlares":true,"showImageEffects":true,"showParticleSystems":true},"in2DMode":false,"pivot":{"x":0.06151789799332619,"y":1.54276704788208,"z":-0.9908707737922669},"rotation":{"x":0.3059186339378357,"y":0.052803684026002887,"z":-0.01699581928551197,"w":0.9504415988922119},"size":0.08660251647233963,"orthographic":false}